﻿pos_x,pos_y,rotation,side,designator,mpn,pack,value,mount_type,place
138.09,-76.405,-90.0,top,BOB-1,,BOB-09056,Multiplexer,tht,True
126.53,-58.22,90.0,top,IDC1,,IDC-Header_2x10_P2.54mm_Vertical,16_Pin_IDC_2x08_Power,tht,True
144.03,-125.675,-90.0,top,J10,,PinSocket_1x05_P2.54mm_Vertical,Thumbstick,tht,True
129.5,-125.745,-90.0,top,J11,,PinSocket_1x06_P2.54mm_Vertical,Joystick,tht,True
158.41,-125.675,-90.0,top,J4,,PinSocket_1x05_P2.54mm_Vertical,Rotary Encoder,tht,True
113.825,-74.305,0.0,top,J9,,PinSocket_1x04_P2.54mm_Vertical,LCD,tht,True
154.38,-95.01,-90.0,top,U1,,Arduino_Micro,Arduino_Micro,tht,True
