﻿pos_x,pos_y,rotation,side,designator,mpn,pack,value,mount_type,place
135.95,-79.09,-90.0,top,BOB-1,,BOB-09056,Multiplexer,tht,True
127.05,-63.94,90.0,top,IDC1,,IDC-Header_2x10_P2.54mm_Vertical,16_Pin_IDC_2x08_Power,tht,True
129.6,-143.86,-90.0,top,J10,,PinSocket_1x05_P2.54mm_Vertical,Thumbstick,tht,True
152.46,-143.86,-90.0,top,J11,,PinSocket_1x06_P2.54mm_Vertical,Joystick,tht,True
116.9,-95.6,0.0,top,J4,,PinSocket_1x05_P2.54mm_Vertical,Rotary Encoder,tht,True
155.025,-96.88,0.0,top,J9,,PinSocket_1x04_P2.54mm_Vertical,LCD,tht,True
155.0,-114.65,-90.0,top,U1,,Arduino_Micro,Arduino_Micro,tht,True
